"V1","V2"
"discordia",-3.7318798052586
"pupillus",-3.3058543932374
"camerinus",-3.02140349092366
"salarium",-3.02140349092366
"senensis",-2.83374586756569
"residuum",-2.75667047469442
"defectus",-2.75667047469442
"damnosus",-2.75667047469442
"montagutus",-2.75667047469442
"contentus",-2.75667047469442
"thomasius",-2.75667047469442
"tedeschus",-2.75667047469442
"tutor",-2.75667047469442
"accantor",-2.75667047469442
"castrorum",-2.70288465555118
"occasio",-2.5667166765094
"processuus",-2.5667166765094
"recchus",-2.5667166765094
"albiza",-2.5667166765094
"marchia",-2.45233036291696
"iudex",-2.37696909395024
"vulterra",-2.37696909395024
"luzius",-2.37696909395024
"seravallis",-2.37696909395024
"x",-2.32391380286835
"andree",-2.25215958307089
"medium",-2.25215958307089
"damnum",-2.16479381455362
"notus",-2.01210718098018
"karolus",-2.00575568602508
"ridolfus",-2.00023729363896
"castelli",-2.00023729363896
"simo",-2.00023729363896
"montis",-2.00023729363896
"vicinus",-2.00023729363896
"malum",-2.00023729363896
"sacramentum",-2.00023729363896
"alexius",-2.00023729363896
"capitanis",-1.99110996344586
"salutator",-1.99110996344586
"civus",-1.99110996344586
"castellus",-1.99110996344586
"brancus",-1.99110996344586
"castellanis",-1.99110996344586
"sicilia",-1.99110996344586
"capannuccus",-1.99110996344586
"picture",-1.99110996344586
"pactus",-1.99110996344586
"litteris",-1.99110996344586
"totum",-1.99110996344586
"montaio",-1.99110996344586
"soprastallus",-1.99110996344586
"florentiolis",-1.99110996344586
"ubaldina",-1.99110996344586
"gratus",-1.99110996344586
"bartholomeo",-1.99110996344586
"monticulus",-1.99110996344586
"extimum",-1.99110996344586
"consilis",-1.99110996344586
"titulus",-1.99110996344586
"vannes",-1.99110996344586
"gangalandus",-1.99110996344586
"revocatio",-1.99110996344586
"pronte",-1.99110996344586
"faventia",-1.99110996344586
"monachus",-1.99110996344586
"collocatio",-1.99110996344586
"inconvenientia",-1.99110996344586
"siminettus",-1.99110996344586
"daniel",-1.99110996344586
"baldovinettus",-1.99110996344586
"relaxatio",-1.99110996344586
"m",-1.97305463976544
"xxxius",-1.97305463976544
"landus",-1.97305463976544
"eugubius",-1.97305463976544
"corradus",-1.97305463976544
"vittingher",-1.97305463976544
"mulinus",-1.97305463976544
"unacus",-1.97305463976544
"iudicium",-1.97305463976544
"conmotio",-1.97305463976544
"oppressor",-1.97305463976544
"castellanorum",-1.97305463976544
"guelfuccia",-1.97305463976544
"pericium",-1.97305463976544
"procium",-1.97305463976544
"percium",-1.97305463976544
"brunsvincensis",-1.97305463976544
"conia",-1.97305463976544
"onor",-1.97305463976544
"oppressio",-1.97305463976544
"conligator",-1.97305463976544
"pisanensis",-1.97305463976544
"lucanensis",-1.97305463976544
"partus",-1.97305463976544
"quarterus",-1.97305463976544
"octavianus",-1.97305463976544
"brunelleschus",-1.97305463976544
"assignatio",-1.97305463976544
"bracaccia",-1.97305463976544
"brevitas",-1.97305463976544
"obiectus",-1.97305463976544
"formo",-1.97305463976544
"er",-1.97305463976544
"petition",-1.97305463976544
"totium",-1.97305463976544
"aligud",-1.97305463976544
"sectus",-1.97305463976544
"hominium",-1.97305463976544
"niebulis",-1.97305463976544
"foltilicia",-1.97305463976544
"vicoratus",-1.97305463976544
"rudia",-1.97305463976544
"formia",-1.97305463976544
"firmitas",-1.97305463976544
"la",-1.97305463976544
"iusus",-1.97305463976544
"bindus",-1.97305463976544
"militia",-1.97305463976544
"guerrians",-1.97305463976544
"bagnesis",-1.97305463976544
"amerighus",-1.97305463976544
"barbarinensis",-1.97305463976544
"casola",-1.97305463976544
"riccha",-1.97305463976544
"percio",-1.97305463976544
"nizia",-1.97305463976544
"regimen",-1.97305463976544
"suspendo",-1.97305463976544
"fallus",-1.97305463976544
"dolus",-1.97305463976544
"seretus",-1.97305463976544
"citatus",-1.97305463976544
"petia",-1.97305463976544
"bugane",-1.97305463976544
"bugianus",-1.97305463976544
"iunium",-1.97305463976544
"vina",-1.97305463976544
"pubblicus",-1.97305463976544
"obliguus",-1.97305463976544
"amptio",-1.97305463976544
"racionerium",-1.97305463976544
"rancor",-1.97305463976544
"cotra",-1.97305463976544
"summptus",-1.97305463976544
"negatio",-1.97305463976544
"marta",-1.97305463976544
"thelogus",-1.97305463976544
"hostia",-1.97305463976544
"altare",-1.97305463976544
"xxviium",-1.97305463976544
"agrifolius",-1.97305463976544
"corpor",-1.97305463976544
"turchus",-1.97305463976544
"cerretanus",-1.97305463976544
"infor",-1.97305463976544
"sapient",-1.97305463976544
"potantia",-1.97305463976544
"magnatus",-1.97305463976544
"rogatio",-1.97305463976544
"deceptio",-1.97305463976544
"colligatia",-1.97305463976544
"viius",-1.97305463976544
"deputatus",-1.97305463976544
"prome",-1.97305463976544
"fidelis",-1.97305463976544
"cerditor",-1.97305463976544
"prosequitio",-1.97305463976544
"petito",-1.97305463976544
"duccinus",-1.97305463976544
"offerentum",-1.97305463976544
"vallus",-1.97305463976544
"barattarius",-1.97305463976544
"vecchiettus",-1.97305463976544
"notarium",-1.97305463976544
"captivus",-1.97305463976544
"simila",-1.97305463976544
"punctas",-1.97305463976544
"misus",-1.97305463976544
"rixa",-1.97305463976544
"fida",-1.97305463976544
"dubium",-1.97305463976544
"tempor",-1.97305463976544
"interum",-1.97305463976544
"mon",-1.97305463976544
"durachus",-1.97305463976544
"vestis",-1.97305463976544
"ianue",-1.97305463976544
"bernabonus",-1.97305463976544
"requisitor",-1.97305463976544
"testis",-1.97305463976544
"conmissio",-1.97305463976544
"reginalum",-1.97305463976544
"confidentia",-1.97305463976544
"tirlus",-1.97305463976544
"passionas",-1.97305463976544
"coadunator",-1.97305463976544
"frustatus",-1.97305463976544
"disciplina",-1.97305463976544
"venante",-1.97305463976544
"immensus",-1.97305463976544
"opizis",-1.97305463976544
"querelis",-1.97305463976544
"franciscor",-1.97305463976544
"magalottus",-1.97305463976544
"sepultura",-1.97305463976544
"rationarius",-1.97305463976544
"vexilliferum",-1.97305463976544
"intetnio",-1.97305463976544
"pontificem",-1.97305463976544
"venenum",-1.97305463976544
"comunia",-1.97305463976544
"eclesia",-1.97305463976544
"ultio",-1.97305463976544
"supplicium",-1.97305463976544
"detestatio",-1.97305463976544
"prroditio",-1.97305463976544
"respublica",-1.97305463976544
"stupendiarius",-1.97305463976544
"hiems",-1.97305463976544
"locum",-1.97305463976544
"grascius",-1.97305463976544
"gattaria",-1.97305463976544
"mulierus",-1.97305463976544
"potestaria",-1.97305463976544
"fallitus",-1.97305463976544
"officialum",-1.97305463976544
"dives",-1.97305463976544
"emptium",-1.97305463976544
"infania",-1.97305463976544
"pictura",-1.97305463976544
"modicus",-1.97305463976544
"millitas",-1.97305463976544
"iniquitas",-1.97305463976544
"romandiolus",-1.97305463976544
"fraus",-1.97305463976544
"deceptor",-1.97305463976544
"disperatio",-1.97305463976544
"sctus",-1.97305463976544
"tamburum",-1.97305463976544
"salvio",-1.97305463976544
"luzium",-1.97305463976544
"porticus",-1.97305463976544
"bertus",-1.97305463976544
"detentum",-1.97305463976544
"luminar",-1.97305463976544
"quinques",-1.97305463976544
"dominutio",-1.97305463976544
"equitas",-1.97305463976544
"testamentarium",-1.97305463976544
"tutela",-1.97305463976544
"porcium",-1.97305463976544
"terrarus",-1.97305463976544
"inimicicia",-1.97305463976544
"meritum",-1.97305463976544
"bullectinus",-1.97305463976544
"invenus",-1.97305463976544
"palatus",-1.97305463976544
"feo",-1.97305463976544
"cruce",-1.97305463976544
"conectio",-1.97305463976544
"parum",-1.97305463976544
"spons",-1.97305463976544
"fortis",-1.97305463976544
"conculcatio",-1.97305463976544
"iudicem",-1.97305463976544
"clara",-1.97305463976544
"relatus",-1.97305463976544
"aliquor",-1.97305463976544
"nichilor",-1.97305463976544
"exhibitio",-1.97305463976544
"confines",-1.97305463976544
"quiricus",-1.97305463976544
"luzus",-1.97305463976544
"ordiamentum",-1.97305463976544
"iurista",-1.97305463976544
"conventio",-1.97305463976544
"miliarium",-1.97305463976544
"aer",-1.97305463976544
"tabernarium",-1.97305463976544
"perdentum",-1.97305463976544
"acomitatinus",-1.97305463976544
"milieres",-1.97305463976544
"prefettis",-1.97305463976544
"barbador",-1.6574199545974
"pisis",-1.58892252937472
"reipublice",-1.5759200502239
"castelle",-1.5759200502239
"durachio",-1.5759200502239
"hyspania",-1.5759200502239
"extimus",-1.5759200502239
"domenicus",-1.5759200502239
"zannottus",-1.5759200502239
"nebule",-1.4949996077104
"como",-1.44514904743174
"guido",-1.44514904743174
"apparatus",-1.44514904743174
"seus",-1.44514904743174
"pcium",-1.44514904743174
"camerarium",-1.44514904743174
"ottus",-1.44514904743174
"provisis",-1.44514904743174
"correctio",-1.44514904743174
"burse",-1.44514904743174
"montebenus",-1.44514904743174
"videor",-1.44514904743174
"collus",-1.44514904743174
"else",-1.44514904743174
"ligna",-1.44514904743174
"capraria",-1.44514904743174
"receptio",-1.44514904743174
"civilitas",-1.44514904743174
"apportator",-1.44514904743174
"dubitator",-1.44514904743174
"octonus",-1.44514904743174
"communem",-1.44514904743174
"baldus",-1.44514904743174
"diminutio",-1.44514904743174
"fulcimentum",-1.44514904743174
"alpigianus",-1.44514904743174
"benefactus",-1.44514904743174
"comunium",-1.44514904743174
"barigellus",-1.44514904743174
"mutiliane",-1.44514904743174
"anania",-1.44514904743174
"praeteritus",-1.44514904743174
"montispolicianus",-1.44514904743174
"innocens",-1.44514904743174
"vetus",-1.44514904743174
"mane",-1.44514904743174
"offitcus",-1.40606335932155
"requisitio",-1.40606335932155
"unium",-1.40606335932155
"ungaria",-1.30832992595382
"iturus",-1.29141966252832
"rebellium",-1.28224893750152
"xl",-1.28224893750152
"romandiola",-1.28224893750152
"potestas",-1.19557630640081
"pistioriensis",-1.19068135387916
"casserus",-1.19068135387916
"repa",-1.19068135387916
"residium",-1.19068135387916
"directio",-1.19068135387916
"necessitia",-1.19068135387916
"eus",-1.19068135387916
"casserrus",-1.19068135387916
"officia",-1.19068135387916
"sedicim",-1.19068135387916
"conditor",-1.19068135387916
"grano",-1.19068135387916
"xus",-1.19068135387916
"taxus",-1.19068135387916
"portas",-1.19068135387916
"offitca",-1.19068135387916
"ghibertus",-1.19068135387916
"fiunt",-1.19068135387916
"communa",-1.19068135387916
"ha",-1.19068135387916
"salinus",-1.19068135387916
"star",-1.19068135387916
"integer",-1.19068135387916
"canonicus",-1.19068135387916
"theolnonlatin",-1.19068135387916
"alexandrum",-1.19068135387916
"conductum",-1.19068135387916
"equitator",-1.19068135387916
"nicholus",-1.19068135387916
"collquium",-1.19068135387916
"offensis",-1.19068135387916
"restauro",-1.19068135387916
"saccus",-1.19068135387916
"francus",-1.19068135387916
"porte",-1.19068135387916
"caldatice",-1.19068135387916
"saccum",-1.19068135387916
"scrutinus",-1.19068135387916
"orindamentum",-1.19068135387916
"nomis",-1.19068135387916
"settarius",-1.19068135387916
"spicciolator",-1.19068135387916
"equalitas",-1.19068135387916
"rinerius",-1.19068135387916
"hre",-1.19068135387916
"pallus",-1.19068135387916
"dannus",-1.19068135387916
"stipendiendium",-1.19068135387916
"deliberatum",-1.19068135387916
"hungaries",-1.19068135387916
"socias",-1.19068135387916
"simonus",-1.19068135387916
"cormolis",-1.19068135387916
"pozis",-1.19068135387916
"angulus",-1.19068135387916
"laurentius",-1.19068135387916
"palea",-1.19068135387916
"herbe",-1.19068135387916
"occisio",-1.19068135387916
"homedium",-1.19068135387916
"cormuolus",-1.19068135387916
"chellus",-1.19068135387916
"poza",-1.19068135387916
"ispus",-1.19068135387916
"satisdatio",-1.19068135387916
"commode",-1.19068135387916
"vall",-1.19068135387916
"exbannitus",-1.19068135387916
"lupus",-1.19068135387916
"manutor",-1.19068135387916
"predeus",-1.19068135387916
"montislupus",-1.19068135387916
"obliquus",-1.19068135387916
"assisio",-1.19068135387916
"cambium",-1.19068135387916
"sollicitenturssedecim",-1.19068135387916
"cambio",-1.19068135387916
"ricchus",-1.19068135387916
"libreria",-1.19068135387916
"statius",-1.19068135387916
"persimonia",-1.19068135387916
"verium",-1.19068135387916
"benuccium",-1.19068135387916
"barda",-1.19068135387916
"cesareus",-1.19068135387916
"padue",-1.19068135387916
"pretextus",-1.19068135387916
"lancis",-1.19068135387916
"cittadellis",-1.19068135387916
"ganeozo",-1.19068135387916
"concursus",-1.19068135387916
"oficium",-1.19068135387916
"mercurium",-1.19068135387916
"facilieo",-1.19068135387916
"iohannus",-1.19068135387916
"augud",-1.19068135387916
"senties",-1.19068135387916
"bastaris",-1.19068135387916
"republex",-1.19068135387916
"vuotus",-1.19068135387916
"magnes",-1.19068135387916
"notaius",-1.19068135387916
"servicunum",-1.19068135387916
"provisionas",-1.19068135387916
"colloquus",-1.19068135387916
"brachus",-1.19068135387916
"paco",-1.19068135387916
"fus",-1.19068135387916
"castellaus",-1.19068135387916
"expectus",-1.19068135387916
"viiius",-1.19068135387916
"madatus",-1.19068135387916
"ianuus",-1.19068135387916
"duccium",-1.19068135387916
"esculum",-1.19068135387916
"fmentum",-1.19068135387916
"esculina",-1.19068135387916
"esculis",-1.19068135387916
"ianuaris",-1.19068135387916
"benem",-1.19068135387916
"taxator",-1.19068135387916
"lunitatio",-1.19068135387916
"tutum",-1.19068135387916
"pistoriensus",-1.19068135387916
"tuto",-1.19068135387916
"siregerius",-1.19068135387916
"montisfeltrarris",-1.19068135387916
"auditor",-1.19068135387916
"ptoopername",-1.19068135387916
"temperamentum",-1.19068135387916
"quamtus",-1.19068135387916
"principalior",-1.19068135387916
"potentior",-1.19068135387916
"vostra",-1.19068135387916
"frustratus",-1.19068135387916
"camerariis",-1.19068135387916
"scribanus",-1.19068135387916
"reliqua",-1.19068135387916
"indigentia",-1.19068135387916
"verbes",-1.19068135387916
"pisana",-1.19068135387916
"indignator",-1.19068135387916
"carbonensen",-1.19068135387916
"bituricensen",-1.19068135387916
"firmus",-1.19068135387916
"fronterium",-1.19068135387916
"transittus",-1.19068135387916
"motus",-1.19068135387916
"pellicus",-1.19068135387916
"gonete",-1.19068135387916
"cittadella",-1.19068135387916
"obligatorium",-1.19068135387916
"liburno",-1.19068135387916
"prosecuritas",-1.19068135387916
"notorium",-1.19068135387916
"verbis",-1.19068135387916
"belum",-1.19068135387916
"abintus",-1.19068135387916
"petitor",-1.19068135387916
"francesche",-1.19068135387916
"iuvene",-1.19068135387916
"tortus",-1.19068135387916
"nescandalum",-1.19068135387916
"scriptur",-1.19068135387916
"captura",-1.19068135387916
"tortura",-1.19068135387916
"iuvenis",-1.19068135387916
"satisfactor",-1.19068135387916
"materies",-1.19068135387916
"diffensio",-1.19068135387916
"pesciatina",-1.19068135387916
"pesciatinus",-1.19068135387916
"com",-1.19068135387916
"nailus",-1.19068135387916
"narro",-1.19068135387916
"recconciliatio",-1.19068135387916
"pepola",-1.19068135387916
"kalo",-1.19068135387916
"progressus",-1.19068135387916
"carmus",-1.19068135387916
"gremolus",-1.19068135387916
"lancee",-1.19068135387916
"ubiques",-1.19068135387916
"medicus",-1.19068135387916
"vecchiettum",-1.19068135387916
"denegatio",-1.19068135387916
"carlus",-1.19068135387916
"elsa",-1.19068135387916
"monstrum",-1.19068135387916
"liberta",-1.19068135387916
"cambus",-1.19068135387916
"collequium",-1.19068135387916
"vultera",-1.19068135387916
"innocentie",-1.19068135387916
"montisdellafine",-1.19068135387916
"solemnitas",-1.19068135387916
"montisdellafo",-1.19068135387916
"gestis",-1.19068135387916
"opinium",-1.19068135387916
"que",-1.19068135387916
"treguus",-1.19068135387916
"offitcium",-1.19068135387916
"versavice",-1.19068135387916
"curius",-1.19068135387916
"nascor",-1.19068135387916
"scarlatto",-1.19068135387916
"grascie",-1.19068135387916
"vichius",-1.19068135387916
"pasca",-1.19068135387916
"ugolinus",-1.19068135387916
"florentiola",-1.19068135387916
"machiavellus",-1.19068135387916
"vicchium",-1.19068135387916
"capomagister",-1.19068135387916
"grascies",-1.19068135387916
"bullettus",-1.19068135387916
"piscium",-1.19068135387916
"placent",-1.19068135387916
"fama",-1.19068135387916
"alia",-1.19068135387916
"notitia",-1.19068135387916
"imus",-1.19068135387916
"parx",-1.19068135387916
"comodia",-1.19068135387916
"fornarius",-1.19068135387916
"mxxv",-1.19068135387916
"census",-1.19068135387916
"parte",-1.19068135387916
"revelatio",-1.19068135387916
"celator",-1.19068135387916
"pratica",-1.19068135387916
"battitor",-1.19068135387916
"potantus",-1.19068135387916
"mensur",-1.19068135387916
"mensura",-1.19068135387916
"collatio",-1.19068135387916
"expugnatio",-1.19068135387916
"stirpa",-1.19068135387916
"pontifice",-1.19068135387916
"promissum",-1.19068135387916
"opo",-1.19068135387916
"summe",-1.19068135387916
"collegiorus",-1.19068135387916
"rifredus",-1.19068135387916
"florentielis",-1.19068135387916
"masus",-1.19068135387916
"funaiuolum",-1.19068135387916
"mucellus",-1.19068135387916
"ananie",-1.19068135387916
"secessus",-1.19068135387916
"vacuatio",-1.19068135387916
"apostolicus",-1.19068135387916
"quobus",-1.19068135387916
"mono",-1.19068135387916
"sapio",-1.19068135387916
"prioris",-1.19068135387916
"punctus",-1.19068135387916
"tirannus",-1.19068135387916
"nonlatin",-1.19068135387916
"audientia",-1.19068135387916
"cosilium",-1.19068135387916
"virtus",-1.19068135387916
"articuolus",-1.19068135387916
"alanies",-1.19068135387916
"ministratio",-1.19068135387916
"vium",-1.19068135387916
"septigentum",-1.19068135387916
"prohibitio",-1.19068135387916
"papus",-1.19068135387916
"animus",-1.19068135387916
"fex",-1.19068135387916
"sedecus",-1.19068135387916
"proditio",-1.19068135387916
"conversus",-1.19068135387916
"insignia",-1.19068135387916
"pontum",-1.19068135387916
"defenser",-1.19068135387916
"gattarium",-1.19068135387916
"ordinameo",-1.19068135387916
"ornatus",-1.19068135387916
"astorgio",-1.19068135387916
"cambia",-1.19068135387916
"cenninus",-1.19068135387916
"montecastellum",-1.19068135387916
"rectus",-1.19068135387916
"residuus",-1.19068135387916
"montistopor",-1.19068135387916
"exractio",-1.19068135387916
"plebanus",-1.19068135387916
"ghiaccettus",-1.19068135387916
"signe",-1.19068135387916
"calenzanus",-1.19068135387916
"excemplum",-1.19068135387916
"imposterus",-1.19068135387916
"proditor",-1.19068135387916
"ordinatio",-1.19068135387916
"jacobus",-1.19068135387916
"bettus",-1.19068135387916
"agolo",-1.19068135387916
"ratiocinatio",-1.19068135387916
"quatus",-1.19068135387916
"rebellis",-1.19068135387916
"reus",-1.19068135387916
"barontus",-1.19068135387916
"certus",-1.19068135387916
"assensus",-1.19068135387916
"detentus",-1.19068135387916
"ultimus",-1.19068135387916
"pazolum",-1.19068135387916
"nonus",-1.19068135387916
"felex",-1.19068135387916
"focus",-1.19068135387916
"obscura",-1.19068135387916
"placitum",-1.19068135387916
"sandrus",-1.19068135387916
"reversus",-1.19068135387916
"gregorius",-1.19068135387916
"montepulcias",-1.19068135387916
"fonfaloneriis",-1.19068135387916
"lance",-1.19068135387916
"policianus",-1.19068135387916
"prerogatio",-1.19068135387916
"danielum",-1.19068135387916
"forentia",-1.19068135387916
"baragaze",-1.19068135387916
"infamia",-1.19068135387916
"ccpitaneus",-1.19068135387916
"associatio",-1.19068135387916
"banus",-1.19068135387916
"brunsvicensen",-1.19068135387916
"alamannus",-1.19068135387916
"denum",-1.19068135387916
"tambura",-1.19068135387916
"benghus",-1.19068135387916
"macello",-1.19068135387916
"eo",-1.19068135387916
"mezus",-1.19068135387916
"iacus",-1.19068135387916
"meze",-1.19068135387916
"gestus",-1.19068135387916
"attendendo",-1.19068135387916
"lecte",-1.19068135387916
"confina",-1.19068135387916
"pontificatus",-1.19068135387916
"ranierium",-1.19068135387916
"fori",-1.19068135387916
"pulcritudo",-1.19068135387916
"contentamentum",-1.19068135387916
"artificus",-1.19068135387916
"inventio",-1.19068135387916
"serravallis",-1.19068135387916
"monteagutus",-1.19068135387916
"dispendium",-1.19068135387916
"pistroius",-1.19068135387916
"ponte",-1.19068135387916
"po",-1.19068135387916
"alipigianus",-1.19068135387916
"notula",-1.19068135387916
"renovatio",-1.19068135387916
"rixe",-1.19068135387916
"provus",-1.19068135387916
"violentia",-1.19068135387916
"recommendo",-1.19068135387916
"exiticium",-1.19068135387916
"bagnus",-1.19068135387916
"velluto",-1.19068135387916
"extraorinarius",-1.19068135387916
"petramalensen",-1.19068135387916
"lances",-1.19068135387916
"pecor",-1.19068135387916
"petramalis",-1.19068135387916
"comitatinis",-1.19068135387916
"xium",-1.19068135387916
"onerosus",-1.19068135387916
"aqua",-1.19068135387916
"cardinal",-1.19068135387916
"primatus",-1.19068135387916
"cies",-1.19068135387916
"registratio",-1.19068135387916
"expeditio",-1.18136756495634
"serotinus",-1.18136756495634
"ambaxator",-1.18136756495634
"bartholus",-1.18136756495634
"molendinus",-1.18136756495634
"solutio",-1.1795412096729
"emptio",-1.09499402150148
"pisas",-1.02874829475395
"ecclesiasticus",-1.02874829475395
"platea",-1.02874829475395
"ligo",-1.02874829475395
"vicarius",-0.999030224994577
"denarius",-0.997027183055703
"ium",-0.997027183055703
"conscientia",-0.997027183055703
"inquisitus",-0.997027183055703
"propername",-0.997027183055703
"promissio",-0.997027183055703
"astorgius",-0.977605802953912
"regine",-0.950405738991131
"stipendiarium",-0.872467892384143
"iiium",-0.868610393793192
"emptor",-0.855669826661535
"pondus",-0.842301016218992
"bituricensis",-0.826393104070529
"februarius",-0.826393104070529
"accepta",-0.826393104070529
"metus",-0.826393104070529
"qualitas",-0.826393104070529
"bardis",-0.826393104070529
"lancea",-0.826393104070529
"auctoritas",-0.826393104070529
"montiscatinus",-0.826393104070529
"aghinolfus",-0.826393104070529
"summo",-0.826393104070529
"pontificus",-0.826393104070529
"molendina",-0.826393104070529
"conservator",-0.826393104070529
"pedis",-0.826393104070529
"ca",-0.826393104070529
"mulius",-0.797425669801354
"augmentum",-0.797425669801354
"collegiis",-0.797425669801354
"ristorus",-0.797425669801354
"curie",-0.797425669801354
"rumor",-0.797425669801354
"angelus",-0.787331668127819
"reformatio",-0.763269987102238
"questio",-0.75192672952215
"avinion",-0.723513795267329
"possessio",-0.721269268257558
"executor",-0.703305056976443
"filius",-0.666868487182213
"exgomberatio",-0.659697902653008
"succursus",-0.659697902653008
"comunis",-0.659697902653008
"paulus",-0.659697902653008
"coianus",-0.659697902653008
"operatio",-0.649731876966126
"transmissio",-0.625322965765931
"iniuria",-0.604234322561837
"sindicus",-0.573927779373549
"debitus",-0.572100135723311
"diocesis",-0.572100135723311
"pastor",-0.572100135723311
"offensa",-0.572100135723311
"similis",-0.572100135723311
"sartor",-0.572100135723311
"contentatio",-0.572100135723311
"francies",-0.572100135723311
"antonius",-0.572100135723311
"cavalcor",-0.572100135723311
"apulea",-0.572100135723311
"bononiensus",-0.572100135723311
"nihilominus",-0.572100135723311
"equitus",-0.572100135723311
"peditus",-0.572100135723311
"numeral",-0.572100135723311
"distructio",-0.572100135723311
"beltrandus",-0.572100135723311
"terrigenus",-0.572100135723311
"offitio",-0.572100135723311
"curies",-0.572100135723311
"ananies",-0.572100135723311
"punitio",-0.572100135723311
"citas",-0.572100135723311
"nigra",-0.572100135723311
"offix",-0.572100135723311
"pluries",-0.572100135723311
"thomasio",-0.572100135723311
"necessarius",-0.572100135723311
"ratio",-0.572100135723311
"fructus",-0.572100135723311
"azo",-0.572100135723311
"ubertina",-0.572100135723311
"litigium",-0.572100135723311
"daniellus",-0.572100135723311
"autoritas",-0.572100135723311
"alexus",-0.572100135723311
"timor",-0.572100135723311
"boscolo",-0.572100135723311
"iovis",-0.572100135723311
"decem_libertatis",-0.572100135723311
"prefectus",-0.572100135723311
"frater",-0.547061153335176
"salarius",-0.541539800919406
"gratia",-0.537419254759305
"bursus",-0.534062938299078
"terminus",-0.533790137181083
"rainerius",-0.529274022282413
"pons",-0.523048488595792
"pisa",-0.513878062792205
"extractio",-0.500690441424779
"nuntius",-0.500690441424779
"soldus",-0.480907092711109
"cionettus",-0.467242919499911
"galeazus",-0.457522050946576
"domus",-0.454937464553877
"scriptum",-0.445012153925573
"mercantia",-0.425672233327313
"notarius",-0.420123583374933
"querela",-0.414235230849479
"conclusio",-0.412210116867281
"monitio",-0.40786771608026
"dico",-0.40786771608026
"elector",-0.407104068085147
"discessus",-0.407104068085147
"fabis",-0.407104068085147
"eligo",-0.407104068085147
"revelator",-0.407104068085147
"ianuam",-0.393885595489682
"officus",-0.39011635817891
"nichola",-0.39011635817891
"esculana",-0.39011635817891
"pptera",-0.39011635817891
"occurrentia",-0.39011635817891
"burgus",-0.39011635817891
"damnus",-0.39011635817891
"capo",-0.39011635817891
"avisamentum",-0.39011635817891
"carolum",-0.39011635817891
"pensio",-0.39011635817891
"lucana",-0.39011635817891
"guarnimentum",-0.39011635817891
"capturus",-0.39011635817891
"proprium",-0.39011635817891
"oratio",-0.39011635817891
"senus",-0.39011635817891
"bulletinus",-0.39011635817891
"iuramentum",-0.39011635817891
"bursa",-0.39011635817891
"occurentia",-0.39011635817891
"loisius",-0.39011635817891
"adunatio",-0.39011635817891
"ducentum",-0.39011635817891
"subditus",-0.39011635817891
"preventio",-0.39011635817891
"detractio",-0.39011635817891
"nero",-0.39011635817891
"cassatio",-0.39011635817891
"oblatus",-0.39011635817891
"iustitia",-0.39011635817891
"prefectis",-0.39011635817891
"cantagallus",-0.39011635817891
"captus",-0.388468966320324
"reformator",-0.361296145087089
"della",-0.357490003231803
"oblatio",-0.356792501090374
"fors",-0.350267610635027
"rego",-0.345546598647309
"conditio",-0.3414820193605
"mediator",-0.331216874171674
"locus",-0.323639892865828
"devetus",-0.322235710969777
"scrutinium",-0.312682964294172
"magnate",-0.311694163370628
"arco",-0.306340027592216
"porta",-0.302921436233996
"libra",-0.301893435084092
"bardus",-0.298097295269764
"servicium",-0.298097295269764
"bernaba",-0.298097295269764
"otto",-0.298097295269764
"consulum",-0.298097295269764
"hospes",-0.298097295269764
"partem",-0.298097295269764
"xxx",-0.282159183512726
"persona",-0.279800546576157
"obligatio",-0.277662779175131
"mulium",-0.272191123469015
"portus",-0.270351381203519
"romanus",-0.270123641796627
"naulum",-0.267992220282647
"staggia",-0.267992220282647
"expensa",-0.263555507387177
"districtus",-0.263555507387177
"turris",-0.261722872796798
"perusio",-0.25923277886922
"capitudo",-0.25355136786823
"comitatinus",-0.240363147866812
"florentia",-0.235373611950274
"ser",-0.23268923672882
"factus",-0.228576959658376
"medietas",-0.225043399068085
"avillarius",-0.210931288153244
"hungary",-0.204304391711236
"offitium",-0.20052777290622
"lucius",-0.20052777290622
"amerigus",-0.20052777290622
"regulatus",-0.20052777290622
"vicariatus",-0.20052777290622
"limitatio",-0.20052777290622
"communibus",-0.20052777290622
"boscolus",-0.20052777290622
"vigintiquatuor",-0.20052777290622
"haucud",-0.198331756256969
"ambaxiator",-0.190985831661387
"florenus",-0.189094301179507
"culpa",-0.188387980898874
"livellus",-0.186352010846754
"fortificatio",-0.184332343025222
"perusinus",-0.184192444381781
"conventum",-0.181888824884772
"conium",-0.181888824884772
"esculus",-0.179192673541579
"hospitium",-0.177867780339068
"novus",-0.164174483075322
"pistorium",-0.163010337592693
"octo_guerre",-0.158667324055923
"pierus",-0.156662009875845
"comes",-0.153699123198857
"opus",-0.146268437403117
"petrus",-0.145926085708941
"summus",-0.140560938124368
"rector",-0.138840165209469
"expensis",-0.1210179054873
"imperator",-0.120845099329928
"fundamentum",-0.11992963418865
"indemnitas",-0.119555085174678
"affectio",-0.117326581338099
"serenitas",-0.117326581338099
"desperatio",-0.117326581338099
"sartianus",-0.117326581338099
"gebellini",-0.117326581338099
"parmam",-0.117326581338099
"tirlis",-0.115269018404662
"circulus",-0.115269018404662
"ambaxatorium",-0.110186605662849
"rebellatus",-0.110186605662849
"invicia",-0.110186605662849
"collegatus",-0.110186605662849
"procuratus",-0.110186605662849
"prefectum",-0.110186605662849
"p.r",-0.110186605662849
"salina",-0.110186605662849
"starius",-0.110186605662849
"cuilis",-0.110186605662849
"ques",-0.110186605662849
"ollegium",-0.110186605662849
"pisorium",-0.110186605662849
"brancaccius",-0.110186605662849
"absolutio",-0.110186605662849
"ciaccio",-0.110186605662849
"reginus",-0.110186605662849
"avionio",-0.110186605662849
"deservitium",-0.110186605662849
"aloquus",-0.110186605662849
"cuno",-0.110186605662849
"valitudo",-0.110186605662849
"sublimitas",-0.110186605662849
"assistentia",-0.110186605662849
"homis",-0.110186605662849
"provisus",-0.110186605662849
"significaminus",-0.110186605662849
"quetela",-0.110186605662849
"prodatio",-0.110186605662849
"provisirus",-0.110186605662849
"medus",-0.110186605662849
"subditor",-0.110186605662849
"tractus",-0.110186605662849
"factio",-0.110186605662849
"oricus",-0.110186605662849
"factis",-0.110186605662849
"nigrus",-0.110186605662849
"repertus",-0.110186605662849
"cclxxiiium",-0.110186605662849
"lxxxxv",-0.110186605662849
"fesulanis",-0.110186605662849
"ordinarie",-0.110186605662849
"castella",-0.110186605662849
"inscriptus",-0.110186605662849
"sigillatus",-0.110186605662849
"periculus",-0.110186605662849
"quilis",-0.110186605662849
"publicus",-0.110186605662849
"propono",-0.110186605662849
"marro",-0.110186605662849
"glonfaloneria",-0.110186605662849
"iacottius",-0.110186605662849
"canis",-0.110186605662849
"ulterus",-0.110186605662849
"iacottus",-0.110186605662849
"processura",-0.110186605662849
"nun",-0.110186605662849
"malicia",-0.110186605662849
"sagacitas",-0.110186605662849
"sus",-0.110186605662849
"locutio",-0.110186605662849
"oblocutor",-0.110186605662849
"aditio",-0.110186605662849
"turri",-0.110186605662849
"tottus",-0.110186605662849
"litera",-0.110186605662849
"florentinus",-0.110186605662849
"reginalis",-0.110186605662849
"tridium",-0.110186605662849
"xiium",-0.110186605662849
"blaxius",-0.110186605662849
"pella",-0.110186605662849
"forese",-0.110186605662849
"ungaries",-0.110186605662849
"ressio",-0.110186605662849
"galeottus",-0.110186605662849
"bundantia",-0.110186605662849
"murus",-0.110186605662849
"georgium",-0.110186605662849
"nouvus",-0.110186605662849
"biennium",-0.110186605662849
"extraordinarius",-0.110186605662849
"galaottus",-0.110186605662849
"oblator",-0.110186605662849
"alliquus",-0.110186605662849
"siquus",-0.110186605662849
"montepolicianus",-0.110186605662849
"pecunies",-0.110186605662849
"commendatio",-0.110186605662849
"erratus",-0.110186605662849
"suggestus",-0.110186605662849
"diminus",-0.110186605662849
"praticatus",-0.110186605662849
"viritus",-0.110186605662849
"pesens",-0.110186605662849
"quarteria",-0.110186605662849
"civitta",-0.110186605662849
"capitudinis",-0.110186605662849
"ordinandim",-0.110186605662849
"catalanus",-0.110186605662849
"fulcium",-0.110186605662849
"roggeriter",-0.110186605662849
"lictera",-0.110186605662849
"suspitio",-0.110186605662849
"parma",-0.110186605662849
"prodentum",-0.110186605662849
"brnabo",-0.110186605662849
"montevarchus",-0.110186605662849
"foro",-0.110186605662849
"arbitirium",-0.110186605662849
"lucium",-0.110186605662849
"caporalis",-0.110186605662849
"funus",-0.110186605662849
"lottus",-0.110186605662849
"ianuas",-0.110186605662849
"passaggium",-0.110186605662849
"maritimus",-0.110186605662849
"vinatteriia",-0.110186605662849
"ges",-0.110186605662849
"delocatio",-0.110186605662849
"francie",-0.110186605662849
"baldovonettus",-0.110186605662849
"reductio",-0.110186605662849
"regus",-0.110186605662849
"exiticius",-0.110186605662849
"familium",-0.110186605662849
"duratio",-0.110186605662849
"imitatio",-0.110186605662849
"remedus",-0.110186605662849
"regi",-0.101921092345567
"oculus",-0.100890896575284
"honor",-0.0890960647152734
"simil",-0.0879211664608981
"consilio",-0.087817157643232
"sapientis",-0.0872123576782127
"consultor",-0.0872123576782127
"comitas",-0.080823072177123
"pistorius",-0.0802130676870821
"amor",-0.0781738280490246
"iniusticia",-0.0781738280490246
"miniatus",-0.0752215769226452
"vallis",-0.0723156765513432
"stipendiarius",-0.070398857453208
"defensor",-0.0697411443380112
"devotio",-0.0671292931532968
"consors",-0.066650263136262
"dedecus",-0.0635420582678896
"bartholomeus",-0.0635420582678896
"xxv",-0.0601453643237542
"commendator",-0.0585673572928995
"ius",-0.051047598537989
"petitio",-0.0413874340216775
"montisagutus",-0.0410320370104847
"bonus",-0.041029452226747
"camerarius",-0.0370620468386494
"error",-0.0370620468386494
"custodia",-0.0344045000167719
"vulterranus",-0.0295130988157445
"homo",-0.0256183088885859
"pontificis",-0.0233654228433422
"brito",-0.0220368436729708
"laborerium",-0.0150114297652011
"rodulfus",-0.014753881329589
"electio",-0.0132232644648792
"victuale",-0.0114782578075267
"palatium",-0.00709932332296786
"lucas",-0.00320396410035647
"lapus",0.000413736267564159
"sactus",0.000413736267564159
"pauper",0.000413736267564159
"fideiusser",0.000413736267564159
"ordino",0.000413736267564159
"probus",0.000413736267564159
"ordinator",0.000413736267564159
"inobservantia",0.000413736267564159
"solicitudo",0.000413736267564159
"consortus",0.000413736267564159
"roggerius",0.000426091292718702
"castra",0.00512474789418047
"transitus",0.00871930105695972
"livellum",0.0103294242203235
"leonardus",0.013171176798218
"florentines",0.0145706673559255
"effectus",0.016778195609451
"preiudicium",0.0173399670352299
"remedium",0.0207337842310238
"clericus",0.0286786205298104
"procurator",0.0330271717734279
"bo",0.0330271717734279
"ieronimus",0.0330271717734279
"fortilicium",0.0330271717734279
"massilia",0.0330271717734279
"aurum",0.0330271717734279
"iiius",0.0330271717734279
"conductus",0.0338124532764477
"famulus",0.0365737170085091
"conductor",0.0374962510032559
"vicchius",0.0375856798700187
"balium",0.0375856798700187
"respectus",0.044966701634618
"socius",0.0449857145123228
"diligentia",0.0495013189527367
"inquisitio",0.0499447733796856
"provisio",0.0507896446966556
"populus",0.0537323254189503
"partis",0.0579126697590785
"victoria",0.0590969170968362
"exactio",0.0590969170968362
"mercator",0.0628346252538906
"mundus",0.0695655725300738
"sedecim",0.072147048795363
"cras",0.0727681097175295
"conservatio",0.0734205051892711
"quarterium",0.0757321190692755
"iohannes",0.0789468447775945
"relator",0.0796464552079247
"pistoriensis",0.0801965829783894
"baverie",0.0801965829783894
"mons",0.0840461967908761
"capitanus",0.086193926428045
"stas",0.088068189460769
"uxor",0.0904071936913852
"regulator",0.090968793913816
"ottonus",0.10101933261974
"comitis",0.10101933261974
"monteaguto",0.10101933261974
"rebannimentum",0.10101933261974
"tardus",0.10101933261974
"januarius",0.10101933261974
"secrestie",0.10101933261974
"aia",0.10101933261974
"bartolomeus",0.10101933261974
"beneplacitum",0.10101933261974
"proviso",0.10101933261974
"inposita",0.10101933261974
"comunitas",0.10101933261974
"rodolfus",0.10101933261974
"barnabo",0.10101933261974
"palanus",0.10101933261974
"tallia",0.10101933261974
"os",0.10101933261974
"a",0.10101933261974
"scambrum",0.10101933261974
"mesus",0.10101933261974
"conscia",0.10101933261974
"mando",0.10101933261974
"etia",0.10101933261974
"familus",0.10101933261974
"victualium",0.10101933261974
"itura",0.10101933261974
"casser",0.10101933261974
"absentia",0.10101933261974
"italus",0.10101933261974
"alienigena",0.10101933261974
"montaneus",0.10101933261974
"oretener",0.10101933261974
"vero",0.10101933261974
"potetia",0.10101933261974
"salvitas",0.10101933261974
"ianuarum",0.10101933261974
"del",0.10101933261974
"bene",0.10101933261974
"riccardus",0.10101933261974
"amicicium",0.10101933261974
"subsidia",0.10101933261974
"tenuta",0.10101933261974
"scortus",0.10101933261974
"patium",0.10101933261974
"illus",0.10101933261974
"ianua",0.10101933261974
"examinatio",0.10101933261974
"eccla",0.10101933261974
"castellarum",0.10101933261974
"montisfeltra",0.10101933261974
"heres",0.10101933261974
"bucella",0.10101933261974
"conscius",0.10101933261974
"illiduo",0.10101933261974
"scipium",0.10101933261974
"provatus",0.10101933261974
"exitus",0.10101933261974
"convocatio",0.10101933261974
"pu",0.10101933261974
"adequatio",0.10101933261974
"oneratus",0.10101933261974
"agrifolio",0.10101933261974
"pus",0.10101933261974
"on",0.10101933261974
"heucaristia",0.10101933261974
"rubeus",0.10101933261974
"corporis",0.10101933261974
"sol",0.10101933261974
"gabelllum",0.10101933261974
"posser",0.10101933261974
"loca",0.10101933261974
"habitatio",0.10101933261974
"sto",0.10101933261974
"patrimonus",0.10101933261974
"nonagintasex",0.10101933261974
"petitus",0.10101933261974
"vulterannus",0.10101933261974
"avillarious",0.10101933261974
"nserinmesser",0.10101933261974
"commuus",0.10101933261974
"laurentus",0.10101933261974
"providentia",0.10101933261974
"giunigia",0.10101933261974
"nebulem",0.10101933261974
"nisus",0.10101933261974
"sotietas",0.10101933261974
"mittatio",0.10101933261974
"mansurus",0.10101933261974
"rome",0.10101933261974
"contraium",0.10101933261974
"bullettinus",0.10101933261974
"gambacurtis",0.10101933261974
"goruccius",0.10101933261974
"anglie",0.10101933261974
"johnnes",0.10101933261974
"petribo",0.10101933261974
"suspensio",0.10101933261974
"ferrarie",0.10101933261974
"raptura",0.10101933261974
"niger",0.10101933261974
"gambacurtus",0.10101933261974
"conquestio",0.10101933261974
"inurium",0.10101933261974
"ablatus",0.10101933261974
"itarus",0.10101933261974
"simonem",0.10101933261974
"salen",0.10101933261974
"luce",0.10101933261974
"reconciliatio",0.10101933261974
"q",0.10101933261974
"enormia",0.10101933261974
"martius",0.10101933261974
"maius",0.10101933261974
"spinellus",0.10101933261974
"versavex",0.10101933261974
"mozis",0.10101933261974
"roggerium",0.10101933261974
"eriganiman",0.10101933261974
"proruser",0.10101933261974
"trecentum",0.10101933261974
"quatuorcentum",0.10101933261974
"quingentum",0.10101933261974
"homicidium",0.10101933261974
"potanria",0.10101933261974
"carolo",0.10101933261974
"mentio",0.10101933261974
"anno",0.10101933261974
"pcus",0.10101933261974
"pector",0.10101933261974
"quantitus",0.10101933261974
"maturus",0.10101933261974
"adminus",0.10101933261974
"co",0.10101933261974
"ituris",0.10101933261974
"licencia",0.10101933261974
"montegemolus",0.10101933261974
"intotus",0.10101933261974
"castrus",0.10101933261974
"predecessor",0.10101933261974
"exonero",0.10101933261974
"cittadinantia",0.10101933261974
"sacculum",0.10101933261974
"ciutus",0.10101933261974
"venturo",0.10101933261974
"tranquillitas",0.10101933261974
"damnatus",0.10101933261974
"corsina",0.10101933261974
"querimonia",0.10101933261974
"romane",0.10101933261974
"officilis",0.10101933261974
"bargellus",0.10101933261974
"staggium",0.10101933261974
"ragioneria",0.10101933261974
"exequus",0.10101933261974
"vulpinus",0.10101933261974
"ppraticus",0.10101933261974
"presentatio",0.10101933261974
"republicus",0.10101933261974
"excommunicatio",0.10101933261974
"faventie",0.10101933261974
"vulterries",0.10101933261974
"liberttais",0.10101933261974
"negocia",0.10101933261974
"maior",0.10101933261974
"frantia",0.10101933261974
"regulo",0.10101933261974
"potestarie",0.10101933261974
"descriptio",0.10101933261974
"siquis",0.10101933261974
"ramalduccius",0.10101933261974
"mateliga",0.10101933261974
"salvus",0.10101933261974
"galeotto",0.10101933261974
"restantia",0.10101933261974
"pistrorium",0.10101933261974
"diffidentia",0.10101933261974
"comissio",0.10101933261974
"patrie",0.10101933261974
"ferrarius",0.10101933261974
"gherardinus",0.10101933261974
"collensus",0.10101933261974
"barga",0.10101933261974
"opizio",0.10101933261974
"bartolus",0.10101933261974
"dietus",0.10101933261974
"nox",0.10101933261974
"brandaglus",0.10101933261974
"flamma",0.10101933261974
"brandaglia",0.10101933261974
"loglanus",0.10101933261974
"iusticie",0.10101933261974
"guadagnus",0.10101933261974
"cancellarium",0.10101933261974
"vigintiquator",0.10101933261974
"secretarius",0.10101933261974
"reliquus",0.10101933261974
"limitatus",0.10101933261974
"capella",0.10101933261974
"clementia",0.10101933261974
"tollus",0.10101933261974
"pudor",0.10101933261974
"corsinis",0.10101933261974
"rescriptus",0.10101933261974
"coderonco",0.10101933261974
"simeotto",0.10101933261974
"scarlattus",0.10101933261974
"falco",0.10101933261974
"re",0.10101933261974
"familie",0.10101933261974
"severius",0.10101933261974
"arteius",0.10101933261974
"families",0.10101933261974
"laudus",0.10101933261974
"secretarum",0.10101933261974
"domo",0.10101933261974
"responsive",0.10101933261974
"circulum",0.10101933261974
"apotheca",0.10101933261974
"dictus",0.10101933261974
"conspectus",0.10101933261974
"capitudines",0.10101933261974
"castigatio",0.10101933261974
"culpabilis",0.10101933261974
"capellus",0.10101933261974
"paene",0.10101933261974
"placeo",0.10101933261974
"cllegium",0.10101933261974
"monitas",0.10101933261974
"offica",0.10101933261974
"triduum",0.10101933261974
"magna",0.10101933261974
"consor",0.10101933261974
"secuturus",0.10101933261974
"triennium",0.10101933261974
"rossus",0.10101933261974
"nemicus",0.10101933261974
"mediolanus",0.103250675757929
"arcis",0.104578703543546
"status",0.104612481149804
"malaspinus",0.106348491225587
"andrea",0.106348491225587
"resposio",0.106348491225587
"presens",0.106348491225587
"ps",0.106348491225587
"pagus",0.106348491225587
"verecundia",0.106348491225587
"ignis",0.106348491225587
"quetsio",0.106348491225587
"monitor",0.106348491225587
"pacificatio",0.106348491225587
"sors",0.106348491225587
"hostiarius",0.108245876561035
"civitas",0.108577837504198
"octo_guerer",0.108756571062305
"comitatus",0.115254197169172
"macellus",0.118949605808039
"veritas",0.124515694295422
"inimicus",0.127275827046896
"guidus",0.128422735229538
"bononies",0.128422735229538
"taddeus",0.128422735229538
"litterae",0.128422735229538
"roma",0.128422735229538
"arrotor",0.136014281179888
"frons",0.136014281179888
"mantuanus",0.136014281179888
"fideiussor",0.136014281179888
"popularis",0.136618601302529
"salviatus",0.139200844391746
"delictum",0.139200844391746
"mercatus",0.14032949448424
"officium",0.140785903745859
"vox",0.140806117818134
"dux",0.142615271288167
"octus",0.142946313491399
"castellanus",0.145664429109698
"numerus",0.146018304013898
"modificatio",0.14612990940086
"postea",0.147300422185871
"amator",0.147737741796307
"furtum",0.147737741796307
"factum",0.150208800777063
"pars",0.151222946103455
"littera",0.153592249828187
"ragionerium",0.153957595986808
"basilea",0.154088390310496
"signoria",0.154088390310496
"sena",0.156108170597536
"lex",0.158810096245303
"ars",0.158810096245303
"maiestas",0.16277090093869
"utilitas",0.164052267414622
"sapientes",0.16419955043828
"riccardinus",0.16419955043828
"parens",0.16419955043828
"carnium",0.164807226153168
"octo",0.166996635868715
"gonfaloniere",0.168078889374133
"indignatio",0.170832438699454
"tempus",0.171382354049254
"futurum",0.173893940463551
"nuovus",0.17850236581942
"missa",0.178875431731596
"donatus",0.179795872836226
"prior",0.179979002306306
"milium",0.18097017639677
"partitus",0.182912051252519
"simon",0.18794862650932
"sapiens",0.188532111455107
"informatio",0.189178140576539
"marchius",0.191988685220864
"padua",0.196625322509385
"concordie",0.202760955186247
"equus",0.202760955186247
"bologna",0.203780465493092
"res",0.208741969778489
"tracto",0.210606522623421
"communis",0.211766496947072
"ursina",0.212011518617604
"manus",0.212269471425367
"praticus",0.212980170420378
"tractatus",0.215671463060728
"collatus",0.217900019680444
"faba",0.218598514963628
"perugia",0.219120473845142
"civis",0.222602627502647
"geminianus",0.224917823343937
"balis",0.226083076878416
"volterra",0.226287974206302
"forma",0.228631695782952
"officialis",0.230333357316994
"curia",0.232112189388175
"arezzo",0.233080396939695
"missus",0.234281695944763
"negocium",0.238660422400425
"processus",0.239426583894498
"pecunia",0.240479041421129
"inceptum",0.241858185814252
"sententia",0.245248363244587
"magister",0.252491606367935
"annus",0.25501686080963
"parlamentum",0.256670138357379
"tuba",0.256670138357379
"luminarium",0.256670138357379
"lercianus",0.256670138357379
"facilis",0.256670138357379
"voluntas",0.256860407549309
"secreto",0.257078960373763
"responsis",0.25754904029994
"frumentum",0.261673899137542
"verbum",0.262871801183247
"luchinus",0.264103913600094
"arma",0.264789229069151
"venetus",0.26567701725296
"terra",0.269094116774235
"fieret",0.272581045080024
"restitutio",0.272665007570016
"excusatio",0.273074065959635
"quantitas",0.273587599974837
"fiat",0.273830617864729
"balia",0.276841172529309
"dictum",0.278424049272249
"iter",0.283504118307552
"responsum",0.28591911621352
"octo_balies",0.293681708215451
"alis",0.2945466465798
"licentia",0.295256828568186
"concordia",0.297387120250365
"venditio",0.298297909429429
"ragionerius",0.300139985570796
"modus",0.300203212891944
"multum",0.301211367371287
"deus",0.30257930894148
"multus",0.309318624800155
"onus",0.309318624800155
"turbatio",0.309318624800155
"fortilitia",0.309373739880449
"guillelmus",0.312604439675007
"florence",0.313108517699566
"granum",0.313182892830356
"materie",0.314053671316739
"petitius",0.314053671316739
"observatio",0.321331855901629
"prorogatio",0.323103855744742
"causa",0.325480850110356
"consilium",0.330965042621143
"tuta",0.331171955565209
"orator",0.331377267547712
"filippus",0.332490851193766
"honestas",0.33419192279925
"ago",0.33419192279925
"discus",0.33419192279925
"responsio",0.334654942499859
"primus",0.335265067354163
"collegium",0.337792706248454
"doctor",0.339130161730978
"bellum",0.339503494718442
"bestia",0.341275708251767
"potens",0.342957153627456
"custos",0.342957153627456
"secretum",0.344452608821745
"iacobus",0.346950840759676
"campana",0.349079059751919
"pena",0.3511928704366
"guerra",0.35849605305215
"marchio",0.364197668695363
"monitus",0.365470510786175
"electus",0.36611097033922
"cura",0.36611097033922
"scriptura",0.36611097033922
"cessatio",0.36611097033922
"totus",0.373830080911008
"piscia",0.376565879309087
"bernabus",0.37742007341565
"materia",0.379456171236428
"collega",0.380015630327886
"ordinamentum",0.381311236869713
"octo_balia",0.381509010769016
"episcopus",0.382033470325485
"dispositio",0.382875699534891
"pratus",0.383442886097906
"relatio",0.383442886097906
"novitas",0.384546443722631
"fides",0.38556608050302
"anglicus",0.387046726109855
"milla",0.389244049164479
"adventus",0.389402298076613
"decem_libertas",0.389673872162363
"admiratio",0.390828844336305
"executio",0.39351118905289
"offitialis",0.39366756490539
"armus",0.39366756490539
"hanibal",0.39366756490539
"colligatum",0.39366756490539
"condemnatio",0.39366756490539
"murmuratio",0.39366756490539
"regina",0.394498033393331
"liga",0.396438767123468
"johannus",0.398453090351799
"arrotus",0.398453090351799
"benedictus",0.398453090351799
"probes",0.398453090351799
"mos",0.398453090351799
"arnus",0.402481724665276
"salus",0.404273176310975
"xvus",0.407418969297715
"cancellarius",0.407418969297715
"taxatio",0.407418969297715
"consultum",0.414472388609303
"commune",0.414579048944663
"modium",0.415490648763735
"probius",0.420302414876943
"francia",0.424254855931971
"imum",0.424439455263081
"veneo",0.424439455263081
"gabella",0.428389191556207
"papa",0.430783878902961
"vinum",0.432197532857014
"potentia",0.433115371126534
"capitaneis_partis",0.433847810329717
"suspicio",0.434803608485569
"remissio",0.436250639284424
"pax",0.438251373669647
"decem",0.439446167146004
"mensis",0.440965300000267
"urbs",0.44764185578357
"pazinus",0.448965391523182
"dies",0.450471032547886
"iium",0.451994953023228
"locatio",0.451994953023228
"unitas",0.453359359979
"abundantia",0.453719727567178
"libertas",0.455410474045757
"vir",0.457661405418487
"trincia",0.45806568094016
"curium",0.458457321848977
"colligator",0.462692118671088
"familia",0.468296855696183
"inequalitas",0.472499008230908
"portarium",0.472499008230908
"conductio",0.472499008230908
"interdictus",0.472499008230908
"camera",0.472499008230908
"dubitatio",0.472499008230908
"displicentia",0.472499008230908
"opera",0.472499008230908
"fenerator",0.472499008230908
"districtualis",0.472499008230908
"imolis",0.472499008230908
"florentiolus",0.472499008230908
"placere",0.472499008230908
"remuneratio",0.472499008230908
"operatus",0.472499008230908
"collegius",0.475425840912712
"collegia",0.476207422793323
"andreas",0.481185456618398
"ghibelline",0.482143448713587
"alexandro",0.482218715514743
"gens",0.485249867393137
"scandalum",0.488751374438421
"francescus",0.493430899017936
"franciscus",0.493430899017936
"vicis",0.493430899017936
"legatus",0.493430899017936
"octo_balie",0.49382269912781
"bernardus",0.494677270612203
"destructio",0.494677270612203
"capitaneus",0.505286514922746
"arcus",0.507375614573809
"innocentia",0.510143543443008
"necessitas",0.511504002673463
"magnus",0.512501475773732
"arbitrium",0.513920514945424
"via",0.516742529620344
"abbas",0.517182919537793
"exoneratio",0.52012289924608
"amicus",0.5208274289107
"bernabone",0.521369120629882
"person",0.521369120629882
"operarius",0.523112835887148
"territorium",0.526635701143297
"colloqium",0.527401116802089
"periculum",0.528352589742631
"princeps",0.529582962213251
"intentio",0.530938103055247
"ubertinus",0.531840544298966
"rex",0.533542170918135
"circa",0.534042642467668
"nihil",0.537405526377496
"favor",0.537602514232992
"ecclesia",0.54112387290707
"ghinus",0.543119950573745
"franci",0.543119950573745
"pistoia",0.548867967439057
"circus",0.549349584540432
"sindicatus",0.54935038426377
"laicus",0.562457690533453
"iusticia",0.562915481648153
"hostis",0.563789601312773
"mediolanum",0.566314191168004
"colligatus",0.566851919072434
"mare",0.56752006657209
"bononiensis",0.568409140676788
"mullium",0.569247280830529
"viium",0.569247280830529
"turchio",0.569247280830529
"confirmatio",0.569247280830529
"montecatinus",0.569247280830529
"dulx",0.569247280830529
"extractus",0.569247280830529
"opizus",0.570146906944895
"barge",0.570146906944895
"benivolentia",0.570146906944895
"guelf",0.57197155892152
"fiant",0.572632155197241
"antianus",0.575649356638161
"auxilium",0.575649356638161
"december",0.584799575368318
"sufficientia",0.587689303433061
"defensio",0.588375461079425
"castrum",0.588414428914608
"austrie",0.589172986009212
"ubaldinus",0.591304185166066
"alexander",0.598980262830099
"brunus",0.598980262830099
"novum",0.598980262830099
"gestum",0.598980262830099
"corpus",0.598980262830099
"confector",0.598980262830099
"solemnus",0.598980262830099
"prandium",0.598980262830099
"declaratio",0.598980262830099
"marchus",0.598980262830099
"unio",0.601360049158805
"finis",0.604678207890849
"dissensio",0.607017368763074
"impedimentum",0.607943162121279
"imo",0.613982939447439
"lombardia",0.617069673712618
"praestantia",0.621761316887865
"copia",0.624014077946484
"pontifex",0.624687039777021
"propositum",0.625526678638414
"ulfus",0.625526678638414
"bonum",0.628973919491174
"collegis",0.629134848660239
"securitas",0.63052922680969
"caroli",0.635180354676996
"eques",0.639537544794709
"servitium",0.643575277197706
"properme",0.645505527000888
"d",0.647256281374789
"boscola",0.647256281374789
"ianuensen",0.647256281374789
"hospicium",0.650283887609554
"tutus",0.652782233565838
"societas",0.653898176635062
"colligas",0.655137799598835
"carnis",0.655137799598835
"opiza",0.655137799598835
"versus",0.655137799598835
"avillarium",0.655137799598835
"iur",0.655137799598835
"divisio",0.656227384751357
"commissio",0.657703315205145
"galea",0.659573489967944
"assumptio",0.660710586452982
"bladus",0.668105191045762
"capitulum",0.668972344230885
"johannes",0.670257956939475
"mandatum",0.671818012021401
"amicicia",0.675484015043844
"reverentia",0.682747813315267
"omis",0.684764971606392
"reparatio",0.684764971606392
"debus",0.686304270387897
"castellum",0.691959312493094
"commo",0.693517405357596
"resistentia",0.698148872607503
"arcium",0.701228183293723
"thomas",0.702412071944001
"pisanus",0.702412071944001
"venetor",0.705616057000882
"bernabo",0.716754191427963
"sollicitudo",0.723543907687702
"colloquium",0.726980817590871
"reversio",0.727276465446173
"macellarius",0.737027848447465
"tuscia",0.737445144219279
"severinus",0.741149312537638
"taxa",0.745758671899741
"cardinalis",0.745758671899741
"pisanis",0.747628231347616
"magnaminus",0.747628231347616
"sindico",0.747628231347616
"advocas",0.747628231347616
"aro",0.747628231347616
"certitudo",0.747628231347616
"machiavella",0.747628231347616
"riccus",0.747628231347616
"buffo",0.747628231347616
"germanus",0.747628231347616
"rinierus",0.747628231347616
"ragionerii",0.747628231347616
"alpunus",0.747628231347616
"exactor",0.747628231347616
"iulium",0.747628231347616
"assisinatus",0.747628231347616
"marcellus",0.747628231347616
"apulia",0.747628231347616
"unieo",0.747628231347616
"pontifix",0.747628231347616
"pactum",0.747628231347616
"distrittualis",0.747628231347616
"mo",0.747628231347616
"quanitus",0.747628231347616
"baliste",0.747628231347616
"catrus",0.747628231347616
"alie",0.747628231347616
"offitcalis",0.747628231347616
"prestantue",0.747628231347616
"salimbenus",0.747628231347616
"adunator",0.747628231347616
"frustrator",0.747628231347616
"prestantiarium",0.747628231347616
"prefixio",0.747628231347616
"vita",0.747628231347616
"proximus",0.747628231347616
"bellu",0.747628231347616
"estas",0.747628231347616
"turbo",0.747628231347616
"obviatio",0.747628231347616
"fidis",0.747628231347616
"mutuus",0.747628231347616
"xxxiium",0.747628231347616
"collocutor",0.747628231347616
"petra",0.747628231347616
"veneti",0.747628231347616
"dispositus",0.747628231347616
"omnia",0.748759870510548
"casus",0.753936038204744
"visus",0.753936038204744
"patrimonium",0.753936038204744
"excusatus",0.753936038204744
"vicchus",0.753936038204744
"imola",0.753936038204744
"collegio",0.753936038204744
"praeiudicium",0.753936038204744
"sanctus",0.772948285033473
"obedientia",0.774274340895107
"veterus",0.783192241764992
"teutonica",0.783192241764992
"vis",0.783476123529065
"christus",0.787991255783111
"materius",0.787991255783111
"sapientum",0.7937019838732
"pors",0.794000043957008
"sumptus",0.794000043957008
"vigorose",0.794000043957008
"drappus",0.794000043957008
"tenor",0.794000043957008
"litter",0.794000043957008
"amissio",0.794000043957008
"confusio",0.794000043957008
"sal",0.794000043957008
"nuntio",0.794000043957008
"cavalcantus",0.794000043957008
"ulterium",0.796836177774233
"subsidium",0.81066314337236
"consensus",0.812524347172599
"stipendium",0.81653296561937
"presentia",0.820035786940789
"ferraria",0.828164350237958
"ambasciator",0.828910670749089
"heri",0.828910670749089
"britonus",0.838855196205325
"treugua",0.839292658272912
"donum",0.842447320171924
"interdictum",0.849492426316361
"solidus",0.855610641548538
"complementum",0.861536040553167
"protestas",0.861536040553167
"brachium",0.861536040553167
"peruza",0.861536040553167
"rechestus",0.861536040553167
"debitum",0.861536040553167
"domina",0.861536040553167
"raimondus",0.861536040553167
"lvus",0.861536040553167
"cera",0.861536040553167
"missio",0.861536040553167
"iure",0.861536040553167
"octo_gueo",0.861536040553167
"cautio",0.861536040553167
"tomasius",0.861536040553167
"subtilitas",0.861536040553167
"molendinum",0.861536040553167
"marsilius",0.861536040553167
"sezanus",0.861536040553167
"carcer",0.861536040553167
"accessus",0.861536040553167
"guccium",0.861536040553167
"senensen",0.861536040553167
"cursor",0.861536040553167
"xx",0.862978051923274
"exemplum",0.86832642913825
"livella",0.872627702682513
"octo_guerrus",0.872627702682513
"iuridex",0.872627702682513
"bannus",0.872627702682513
"contrarium",0.872627702682513
"qd",0.87688070608463
"moneta",0.880320717822047
"italius",0.881787377185795
"us",0.882518590672214
"balistarius",0.895246583113995
"nomen",0.895966437371723
"tute",0.900886762846035
"mors",0.900886762846035
"discretus",0.916035583059268
"vincio",0.916035583059268
"procedus",0.916035583059268
"rebeus",0.916035583059268
"cremona",0.916035583059268
"laurenter",0.916035583059268
"chiarozus",0.916035583059268
"sala",0.916035583059268
"facies",0.916035583059268
"monasterium",0.916035583059268
"hominus",0.916035583059268
"beneficia",0.916035583059268
"cardinalus",0.916035583059268
"vulterraria",0.916035583059268
"transeundus",0.916035583059268
"proponitus",0.916035583059268
"allegatus",0.916035583059268
"fortilicia",0.916035583059268
"leticia",0.916035583059268
"sonitus",0.916035583059268
"notificatio",0.916035583059268
"sonus",0.916035583059268
"facta",0.916035583059268
"pentitio",0.916035583059268
"simeottus",0.916035583059268
"lesio",0.916035583059268
"livellorum",0.916035583059268
"colloqua",0.916035583059268
"ablas",0.916035583059268
"mens",0.916035583059268
"singnus",0.916035583059268
"carcero",0.916035583059268
"grimaldis",0.916035583059268
"defesio",0.916035583059268
"adversarium",0.916035583059268
"medius",0.916035583059268
"sublevatio",0.916035583059268
"peresentia",0.916035583059268
"filipp",0.916035583059268
"theutonicus",0.916035583059268
"probium",0.916621791779916
"beneficium",0.932971554339014
"montisfeltrarius",0.93372712490058
"ap",0.939631553556993
"ostentatio",0.939631553556993
"capitaneatus",0.939631553556993
"anthonus",0.939631553556993
"bena",0.939631553556993
"borsus",0.939631553556993
"suplementum",0.939631553556993
"castor",0.939631553556993
"caput",0.939631553556993
"operator",0.939631553556993
"deteneo",0.939631553556993
"postis",0.939631553556993
"offensio",0.943029421611399
"pasignanus",0.947981638532732
"prelatus",0.947981638532732
"milis",0.948557255866504
"venetia",0.948557255866504
"nicholaus",0.954966013235368
"deliberatio",0.955678979337044
"liberatio",0.961125553614713
"lucanus",0.961416733514994
"paratus",0.961564873008751
"teutonicus",0.973515324310825
"lige",0.973779246859089
"exceptus",0.973905870898736
"festus",0.996947209206275
"italia",1.02436142779729
"mora",1.03510341083843
"amplicus",1.03697630062504
"secretus",1.03976809469217
"speties",1.0565085028271
"regen",1.0565085028271
"carmignanus",1.0565085028271
"miles",1.0565085028271
"congium",1.0565085028271
"gratulatio",1.0565085028271
"iustificatio",1.0565085028271
"paucus",1.0565085028271
"visitatio",1.0565085028271
"soderinus",1.0565085028271
"spes",1.08475802269679
"labor",1.08533241310174
"admonitio",1.09995829169129
"vinatterium",1.11000039148516
"italicus",1.12069488832021
"restauratio",1.12438786824867
"instrumentum",1.12438786824867
"patrer",1.12438786824867
"artifex",1.12438786824867
"principium",1.12438786824867
"mortuus",1.12438786824867
"apostolice",1.12438786824867
"protestatio",1.12438786824867
"preceptum",1.12438786824867
"ariminum",1.12438786824867
"boncianus",1.12438786824867
"fidus",1.12438786824867
"stroza",1.12438786824867
"montefeltrarius",1.13568764307642
"gratiose",1.13568764307642
"melus",1.13568764307642
"rebellio",1.14482450512818
"navigium",1.14482450512818
"raimundus",1.14482450512818
"observantia",1.15334963151429
"dilatio",1.16104141361722
"differentia",1.19917798804502
"mutatio",1.20488949969719
"summa",1.20488949969719
"september",1.20488949969719
"colligo",1.22678956329935
"attentum",1.22678956329935
"alps",1.24428243164548
"hauhic",1.25441340544265
"inquisitor",1.25930325834462
"dea",1.26105244292608
"paritus",1.26105244292608
"qm",1.26105244292608
"bocchinus",1.26105244292608
"matris",1.26105244292608
"occursus",1.26105244292608
"tutto",1.26105244292608
"talium",1.26105244292608
"negotcus",1.26105244292608
"fornimentum",1.26105244292608
"naibes",1.26105244292608
"pepolus",1.26105244292608
"apropianus",1.26105244292608
"boninia",1.26105244292608
"planorium",1.26105244292608
"bastitus",1.26105244292608
"erispelanus",1.26105244292608
"suffitientia",1.26105244292608
"prospera",1.26105244292608
"adversum",1.26105244292608
"nutus",1.26105244292608
"progressio",1.26105244292608
"muntia",1.26105244292608
"ventura",1.26105244292608
"baronis",1.26105244292608
"montisgremmolus",1.26105244292608
"instantia",1.26105244292608
"cor",1.26105244292608
"offitco",1.26105244292608
"sufficia",1.26105244292608
"victualia",1.26105244292608
"victualis",1.26105244292608
"amiticia",1.26105244292608
"romipete",1.26105244292608
"contrium",1.26105244292608
"ponituris",1.26105244292608
"gloria",1.26105244292608
"bavarie",1.26105244292608
"arx",1.26105244292608
"montiscolloretus",1.26105244292608
"oblocutio",1.26105244292608
"difficultas",1.26105244292608
"dimissio",1.26105244292608
"habitus",1.26105244292608
"fabarum",1.26105244292608
"ordinarium",1.26105244292608
"rissus",1.26105244292608
"predatio",1.26105244292608
"substantia",1.26105244292608
"venetis",1.26105244292608
"minitio",1.26105244292608
"capitudinum",1.26105244292608
"collegii",1.26105244292608
"sedatio",1.26105244292608
"barberinus",1.2687604616609
"inceptus",1.27480222003544
"tutior",1.27480222003544
"comitus",1.27480222003544
"defensus",1.28282043661704
"nobilis",1.30460514851969
"exequies",1.33202234576377
"gerius",1.33903221676535
"albertus",1.42770107014254
"iohannis",1.42770107014254
"plenus",1.46718896275927
"abstinentia",1.47391558824933
"duodecim",1.48286179331153
"s",1.52085923683795
"soanus",1.52085923683795
"gebellinos",1.53118700824729
"verona",1.60571828478269
"honestis",1.63159993593926
"additio",1.63159993593926
"votum",1.76933365755049
"perinus",1.81054606248396
"v",1.88732227273611
"tomasio",1.89377445599632
"negotium",1.89377445599632
"visium",2.3361873322327
"bocchaccus",2.3361873322327
"reiplublice",2.3361873322327
"furor",2.3361873322327
"facultas",2.3361873322327
"territus",2.3361873322327
"dem",2.3361873322327
"solido",2.3361873322327
"theologus",2.3361873322327
"prudens",2.3361873322327
"quono",2.3361873322327
"ppa",2.3361873322327
"collegus",2.3361873322327
"austria",2.3361873322327
"intermissio",2.3361873322327
"manisfestus",2.3361873322327
"congregatio",2.3361873322327
"progatio",2.3361873322327
"scio",2.3361873322327
"quie",2.3361873322327
"arces",2.3361873322327
"secundus",2.3361873322327
"cc",2.3361873322327
"contentio",2.3361873322327
"particularitas",2.3361873322327
"um",2.3361873322327
"p",2.3361873322327
"zelator",2.3361873322327
"modificatus",2.3361873322327
"prrname",2.3361873322327
"iscriptus",2.3361873322327
"controversia",2.3361873322327
"adminiculum",2.3361873322327
"collo",2.3361873322327
"superbia",2.3361873322327
"deresponsio",2.3361873322327
"littero",2.3361873322327
"sociatus",2.3361873322327
"teuthonicus",2.3361873322327
"gubernator",2.3361873322327
"portaris",2.3361873322327
"salis",2.3361873322327
"huus",2.3361873322327
"arduus",2.3361873322327
"ver",2.3361873322327
"septus",2.3361873322327
"veronensen",2.3361873322327
"magnificatio",2.3361873322327
"preatereus",2.3361873322327
"dubia",2.3361873322327
"serezane",2.3361873322327
"ligatus",2.3361873322327
"consilum",2.3361873322327
"cosilio",2.3361873322327
"mila",2.3361873322327
"xv",2.3361873322327
"tetum",2.3361873322327
"macellor",2.3361873322327
"germinianus",2.3361873322327
"teriminus",2.3361873322327
"convictio",2.3361873322327
"teutonice",2.3361873322327
"lectus",2.3361873322327
"statutum",2.3361873322327
"obtentum",2.3361873322327
"remotio",2.3361873322327
"bernabos",2.3361873322327
"mitigatio",2.3361873322327
"lumen",2.3361873322327
"ecum",2.3361873322327
"consulo",2.3361873322327
"farternitas",2.3361873322327
"quantis",2.3361873322327
"allium",2.3361873322327
"sollennus",2.3361873322327
"tarctator",2.3361873322327
"alquor",2.3361873322327
"cessantum",2.3361873322327
"sanguis",2.3361873322327
"gagliardus",2.3361873322327
"dinus",2.3361873322327
"roba",2.3361873322327
"venditor",2.3361873322327
"vexator",2.3361873322327
"adversarius",2.3361873322327
"fanum",2.3361873322327
"ariminus",2.3361873322327
"oretenus",2.3361873322327
"rationerium",2.3361873322327
"auxilis",2.3361873322327
"tolomeus",2.3361873322327
"divium",2.3361873322327
"spiritus",2.3361873322327
"sedes",2.3361873322327
"derogatio",2.3361873322327
"inpedimentum",2.3361873322327
"alius",2.3361873322327
"primea",2.3361873322327
"vacaturus",2.3361873322327
"solennes",2.3361873322327
"beneficus",2.3361873322327
"comu",2.3361873322327
"fene",2.3361873322327
"citeo",2.3361873322327
"coderoncho",2.3361873322327
"paga",2.3361873322327
"scarlattinus",2.3361873322327
"petramalus",2.59471468980514
"luzio",2.59471468980514
"noticia",2.59471468980514
"offensum",2.59471468980514
"defensa",2.59471468980514
"navis",2.59471468980514
"scribo",2.59471468980514
"spetie",2.83597284775671
"donimus",2.83597284775671
"prohanpername",2.83597284775671
"nostri",2.83597284775671
"baschum",2.83597284775671
"cassor",2.83597284775671
"ben",2.83597284775671
"con",2.83597284775671
"galeus",2.83597284775671
"ceterus",2.83597284775671
"den",2.83597284775671
"eundus",2.83597284775671
"tratto",2.83597284775671
"britto",2.83597284775671
"lanx",2.83597284775671
"mercurius",2.83597284775671
"effusio",2.83597284775671
"britonium",2.83597284775671
"san",2.83597284775671
"miniatis",2.83597284775671
"lxxxx",2.83597284775671
"mina",2.83597284775671
"consultus",2.83597284775671
"parme",2.83597284775671
"pontremolus",2.83597284775671
"mutinus",2.83597284775671
"attens",2.83597284775671
"oculis",2.83597284775671
"computus",2.83597284775671
"membrum",2.83597284775671
"impetus",2.83597284775671
"subicio",2.83597284775671
"muto",2.83597284775671
"prestatio",2.83597284775671
"comumne",2.83597284775671
"suspectus",2.83597284775671
"fraternitas",2.83597284775671
"scientia",2.83597284775671
"equistris",2.83597284775671
"pedestris",2.83597284775671
"petrius",2.83597284775671
"guccus",2.83597284775671
"memoria",2.83597284775671
"distributio",2.83597284775671
"canon",2.83597284775671
"frescobaldus",2.83597284775671
"properno_guerme",2.83597284775671
"insaccatio",2.83597284775671
"exercitium",2.83597284775671
"frenum",2.83597284775671
"civilis",2.83597284775671
"quor",2.83597284775671
"mergugliesis",2.83597284775671
"cortus",2.83597284775671
"durachium",2.83597284775671
"pluer",2.83597284775671
"observatus",2.83597284775671
"enium",2.83597284775671
"exultatio",2.83597284775671
"consulus",2.83597284775671
"revelas",2.83597284775671
"misericordia",2.83597284775671
"scutum",2.83597284775671
"fronteira",2.83597284775671
"feus",2.83597284775671
"praeceptum",2.83597284775671
"amium",2.83597284775671
"socium",2.83597284775671
"belllum",2.83597284775671
"oartor",2.83597284775671
"foris",2.83597284775671
"piglis",2.83597284775671
"saxettus",2.83597284775671
"iustitie",2.83597284775671
"sedentum",2.83597284775671
"cedila",2.83597284775671
"giugnus",2.94358584927257
"rede",2.94358584927257
"celebratio",2.99282454998153
"guccius",2.99282454998153
"uollegiis",3.49534478007671
"passus",3.49534478007671
"ricciardus",3.49534478007671
"esculanus",4.00039907529815
